name,catego,comment
CON-B346-01.png,1,sdsdsd
CON-B346-02.png,1,sdsdsd
CON-B346-03.png,1,sdsdsd
CON-B346-04.png,1,sdsdsd
CON-B346-05.png,1,sdsdsd
CON-B346-06.png,1,sdsdsd
CON-B346-07.png,1,sdsdsd
CON-B346-08.png,1,sdsdsd
CON-B346-09.png,1,sdsdsd
CON-B346-10.png,1,sdsdsd
CON-B346-11.png,2,sdsdsd
CON-B346-12.png,2,sdsdsd
CON-B346-13.png,2,sdsdsd
CON-B346-14.png,2,sdsdsd
CON-B346-15.png,2,sdsdsd
CON-B346-16.png,2,sdsdsd
CON-B346-17.png,2,sdsdsd
CON-B346-18.png,2,sdsdsd
CON-B346-19.png,4,fdfddfdfdf
CON-B346-20.png,2,sdsdsd
CON-B512-01.png,4,fdfddfdfdf
CON-B512-02.png,4,fdfddfdfdf
CON-B512-03.png,4,fdfddfdfdf
CON-B512-04.png,4,fdfddfdfdf
CON-B512-05.png,4,fdfddfdfdf
CON-B512-06.png,4,fdfddfdfdf
CON-B512-07.png,4,fdfddfdfdf
CON-B512-08.png,4,fdfddfdfdf
CON-B512-09.png,7,fff
CON-B512-10.png,4,fdfddfdfdf
CON-B512-11.png,8,fff
CON-B512-12.png,7,fff
SPE-B659BOS-01.png,7,fff
SPE-B659BOS-02.png,5,fdfdfdfdfdfd
SPE-B659BOS-03.png,7,fff
SPE-B659BOS-04.png,5,fdfdfdfdfdfd
SPE-B659BOS-05.png,5,fdfdfdfdfdfd
SPE-B659BOS-06.png,5,fdfdfdfdfdfd
SPE-B659BOS-07.png,5,fdfdfdfdfdfd
SPE-B659BOS-08.png,5,fdfdfdfdfdfd
SPE-B659BOS-09.png,7,fff
SPE-B659BOS-10.png,5,fdfdfdfdfdfd
SPE-B659BOS-11.png,7,fff
SPE-B659BOS-12.png,7,fff
SPE-B659BOS-13.png,5,fdfdfdfdfdfd
SPE-B659BOS-14.png,6,fff
SPE-B659BOS-15.png,7,fff
SPE-B659BOS-16.png,7,fff
SPE-B659BOS-17.png,7,fff
SPE-B659BOS-18.png,7,fff
SPE-B702BOS-01.png,6,fff
SPE-B702BOS-02.png,7,fff
SPE-B702BOS-03.png,6,fff
SPE-B702BOS-04.png,6,fff
SPE-B702BOS-05.png,7,fff
SPE-B702BOS-06.png,6,fff
SPE-B702BOS-07.png,6,fff
SPE-B702BOS-08.png,6,fff
SPE-B702BOS-09.png,6,fff
SPE-B702BOS-10.png,7,fff
SPE-B702BOS-11.png,6,fff
SPE-B702BOS-12.png,6,fff
SPE-R587TUT-01.png,6,fff
SPE-R587TUT-02.png,6,fff
SPE-R587TUT-03.png,6,fff
SPE-R587TUT-04.png,6,fff
SPE-R587TUT-05.png,6,fff
SPE-R587TUT-06.png,6,fff
SPE-R587TUT-07.png,6,fff
SPE-R587TUT-08.png,6,fff
SPE-R587TUT-09.png,6,fff
SPE-R587TUT-10.png,6,fff
SPE-R587TUT-11.png,6,fff
SPE-R587TUT-12.png,5,fdfdfdfdfdfd
SPE-R587TUT-13.png,6,fff
SPE-R587TUT-14.png,5,fdfdfdfdfdfd
SPE-R587TUT-15.png,6,fff
SPE-R587TUT-16.png,6,fff
SPE-R587TUT-17.png,5,fdfdfdfdfdfd
SPE-R587TUT-18.png,6,fff
SPE-R587TUT-19.png,5,fdfdfdfdfdfd
SPE-R587TUT-20.png,5,fdfdfdfdfdfd
SPE-R587TUT-21.png,5,fdfdfdfdfdfd
SPE-R587TUT-22.png,3,sdsdsd
SPE-R587TUT-23.png,5,fdfdfdfdfdfd
SPE-R587TUT-24.png,5,fdfdfdfdfdfd
SPE-R587TUT-25.png,5,fdfdfdfdfdfd
SPE-R648TUT-01.png,5,fdfdfdfdfdfd
SPE-R648TUT-02.png,3,sdsdsd
SPE-R648TUT-03.png,5,fdfdfdfdfdfd
SPE-R648TUT-04.png,3,sdsdsd
SPE-R648TUT-05.png,5,fdfdfdfdfdfd
SPE-R648TUT-06.png,3,sdsdsd
SPE-R648TUT-07.png,3,sdsdsd
SPE-R648TUT-08.png,3,sdsdsd
SPE-R648TUT-09.png,3,sdsdsd
SPE-R648TUT-10.png,3,sdsdsd
SPE-R648TUT-11.png,3,sdsdsd
SPE-R648TUT-12.png,3,sdsdsd
SPE-R648TUT-13.png,3,sdsdsd
